name,id
ASTON MARTIN,189
Agrale,2
Audi,6
BMW,7
BRM,8
Buggy,9
Bugre,123
CHANA,136
CHANGAN,182
CHERY,161
Chrysler,12
Citroën,13
Dodge,17
EFFA,147
FOTON,190
Ferrari,20
Fiat,21
Fibravan,149
Ford,22
Fyber,170
GEELY,199
GM - Chevrolet,23
GREAT WALL,153
HAFEI,152
Honda,25
Hyundai,26
JAC,177
JINBEI,154
Jaguar,28
Jeep,29
Kia Motors,31
LAMBORGHINI,171
LIFAN,168
LOBINI,127
Land Rover,33
Lexus,34
MG,167
MINI,156
Mahindra,140
Maserati,36
Mercedes-Benz,39
Mitsubishi,41
Nissan,43
Peugeot,44
Porsche,47
RAM,185
RELY,186
Renault,48
Rolls-Royce,195
SHINERAY,183
SSANGYONG,125
Subaru,54
Suzuki,55
TAC,165
Toyota,56
Troller,57
VW - VolksWagen,59
Volvo,58
Wake,163
Walk,120
smart,157
